num of nodes, num of messages, latency ns
6, 5, 100299
6, 5, 100698
6, 5, 100902
6, 5, 100863
6, 5, 0
6, 4, 14080
6, 4, 14623
6, 4, 15025
6, 4, 14950
6, 3, 4440
6, 3, 4437
6, 3, 4336
6, 2, 5634
6, 2, 4983
6, 1, 5698
6, 5, 47360
6, 5, 48408
6, 5, 49462
6, 5, 50437
6, 5, 50327
6, 4, 13671
6, 4, 14065
6, 4, 14184
6, 4, 14216
6, 3, 4676
6, 3, 4465
6, 3, 4451
6, 2, 17228
6, 2, 16751
6, 1, 8587
6, 5, 40368
6, 5, 41476
6, 5, 42691
6, 5, 43736
6, 5, 43701
6, 4, 11011
6, 4, 11461
6, 4, 12390
6, 4, 12398
6, 3, 4804
6, 3, 5048
6, 3, 5096
6, 2, 2615
6, 2, 1918
6, 1, 2360
6, 5, 8169
6, 5, 7872
6, 5, 9089
6, 5, 8946
6, 5, 43701
6, 4, 8971
6, 4, 8710
6, 4, 9687
6, 4, 9647
6, 3, 3845
6, 3, 4250
6, 3, 4074
6, 2, 2903
6, 2, 2399
6, 1, 3809
6, 5, 9020
6, 5, 8942
6, 5, 11122
6, 5, 9895
6, 5, 43701
6, 4, 2484
6, 4, 2109
6, 4, 1981
6, 4, 1036
6, 3, 2541
6, 3, 2716
6, 3, 2557
6, 2, 2586
6, 2, 1951
6, 1, 2414
6, 5, 2414
6, 5, 11458
6, 5, 12708
6, 5, 13263
6, 5, 13238
6, 4, 7311
6, 4, 7290
6, 4, 7494
6, 4, 7387
6, 3, 4815
6, 3, 4315
6, 3, 4477
6, 2, 2906
6, 2, 1735
6, 1, 2499
6, 5, 10320
6, 5, 9323
6, 5, 10320
6, 5, 10280
6, 5, 13238
6, 4, 9650
6, 4, 14852
6, 4, 14919
6, 4, 14838
6, 3, 3081
6, 3, 3174
6, 3, 3084
6, 2, 2775
6, 2, 1920
6, 1, 2609
6, 5, 38451
6, 5, 39120
6, 5, 40276
6, 5, 41217
6, 5, 41249
6, 4, 6017
6, 4, 6109
6, 4, 7221
6, 4, 7270
6, 3, 2383
6, 3, 2576
6, 3, 2500
6, 2, 2712
6, 2, 1902
6, 1, 2369
6, 5, 13016
6, 5, 12661
6, 5, 13627
6, 5, 13555
6, 5, 41249
6, 4, 11442
6, 4, 11917
6, 4, 12836
6, 4, 12829
6, 3, 2583
6, 3, 2058
6, 3, 2024
6, 2, 2789
6, 2, 1834
6, 1, 3453
6, 5, 8434
6, 5, 6948
6, 5, 7307
6, 5, 7447
6, 5, 41249
6, 4, 10435
6, 4, 9946
6, 4, 10896
6, 4, 10873
6, 3, 3419
6, 3, 2742
6, 3, 2609
6, 2, 3240
6, 2, 2162
6, 1, 2593
6, 5, 2593
6, 5, 16422
6, 5, 17648
6, 5, 18648
6, 5, 18580
6, 4, 9129
6, 4, 8497
6, 4, 9403
6, 4, 9401
6, 3, 2652
6, 3, 1846
6, 3, 1687
6, 2, 2754
6, 2, 1890
6, 1, 2918
6, 5, 2918
6, 5, 9118
6, 5, 10260
6, 5, 11166
6, 5, 11204
6, 4, 14900
6, 4, 15182
6, 4, 16135
6, 4, 16111
6, 3, 2625
6, 3, 1929
6, 3, 1869
6, 2, 2570
6, 2, 1754
6, 1, 2467
6, 5, 2467
6, 5, 7198
6, 5, 7742
6, 5, 8712
6, 5, 8558
6, 4, 11628
6, 4, 11973
6, 4, 12398
6, 4, 12268
6, 3, 2414
6, 3, 1810
6, 3, 2060
6, 2, 2827
6, 2, 1932
6, 1, 2271
6, 5, 42814
6, 5, 43784
6, 5, 44879
6, 5, 45934
6, 5, 45861
6, 4, 10778
6, 4, 10001
6, 4, 11052
6, 4, 10992
6, 3, 3062
6, 3, 2130
6, 3, 2271
6, 2, 3063
6, 2, 2179
6, 1, 2899
6, 5, 2899
6, 5, 8836
6, 5, 9481
6, 5, 15548
6, 5, 15413
6, 4, 11772
6, 4, 12072
6, 4, 12896
6, 4, 12888
6, 3, 2613
6, 3, 1738
6, 3, 1728
6, 2, 2640
6, 2, 1827
6, 1, 2394
6, 5, 18175
6, 5, 18057
6, 5, 18958
6, 5, 18980
6, 5, 15413
6, 4, 9857
6, 4, 9851
6, 4, 10434
6, 4, 10457
6, 3, 2850
6, 3, 1626
6, 3, 1638
6, 2, 8197
6, 2, 7235
6, 1, 2521
6, 5, 2521
6, 5, 21038
6, 5, 22115
6, 5, 23159
6, 5, 23200
6, 4, 13801
6, 4, 14130
6, 4, 15072
6, 4, 15070
6, 3, 3885
6, 3, 2675
6, 3, 2726
6, 2, 2815
6, 2, 1926
6, 1, 2406
6, 5, 47718
6, 5, 48485
6, 5, 49189
6, 5, 50119
6, 5, 50213
6, 4, 6938
6, 4, 7247
6, 4, 8198
6, 4, 8264
6, 3, 5838
6, 3, 5678
6, 3, 5575
6, 2, 3121
6, 2, 2049
6, 1, 2793
6, 5, 35445
6, 5, 36239
6, 5, 37410
6, 5, 38416
6, 5, 38414
6, 4, 9774
6, 4, 10364
6, 4, 10466
6, 4, 10583
6, 3, 2614
6, 3, 1684
6, 3, 1726
6, 2, 2702
6, 2, 1711
6, 1, 2480
6, 5, 2480
6, 5, 10121
6, 5, 11463
6, 5, 12559
6, 5, 12532
6, 4, 9026
6, 4, 9140
6, 4, 10060
6, 4, 9945
6, 3, 2686
6, 3, 3112
6, 3, 3092
6, 2, 2550
6, 2, 1687
6, 1, 2760
6, 5, 20501
6, 5, 20321
6, 5, 20921
6, 5, 21581
6, 5, 21588
6, 4, 10153
6, 4, 10579
6, 4, 11314
6, 4, 11263
6, 3, 2678
6, 3, 2817
6, 3, 2767
6, 2, 2800
6, 2, 1884
6, 1, 2761
6, 5, 2761
6, 5, 9355
6, 5, 10435
6, 5, 11514
6, 5, 11294
6, 4, 15035
6, 4, 15449
6, 4, 16505
6, 4, 16503
6, 3, 2787
6, 3, 1794
6, 3, 1716
6, 2, 2731
6, 2, 1988
6, 1, 2674
6, 5, 8793
6, 5, 9125
6, 5, 10043
6, 5, 10027
6, 5, 11294
6, 4, 8456
6, 4, 9039
6, 4, 9890
6, 4, 9713
6, 3, 2963
6, 3, 2343
6, 3, 2279
6, 2, 2896
6, 2, 1162
6, 1, 2884
6, 5, 38383
6, 5, 39218
6, 5, 40013
6, 5, 40862
6, 5, 40721
6, 4, 10955
6, 4, 11020
6, 4, 11925
6, 4, 11847
6, 3, 2493
6, 3, 2414
6, 3, 2289
6, 2, 2695
6, 2, 1934
6, 1, 3187
6, 5, 10364
6, 5, 10442
6, 5, 11524
6, 5, 11472
6, 5, 40721
6, 4, 11589
6, 4, 11677
6, 4, 12655
6, 4, 12653
6, 3, 2635
6, 3, 2472
6, 3, 2422
6, 2, 2606
6, 2, 1777
6, 1, 2486
6, 5, 36311
6, 5, 11053
6, 5, 11413
6, 5, 11335
6, 5, 40721
6, 4, 10793
6, 4, 10560
6, 4, 11655
6, 4, 11515
6, 3, 2642
6, 3, 3814
6, 3, 3784
6, 2, 2537
6, 2, 1738
6, 1, 4815
6, 5, 3457
6, 5, 2441
6, 5, 2944
6, 5, 11515
6, 5, 2454
6, 4, 11006
6, 4, 11636
6, 4, 12567
6, 4, 12586
6, 3, 2641
6, 3, 2747
6, 3, 2729
6, 2, 2585
6, 2, 2172
6, 1, 2611
6, 5, 9616
6, 5, 9507
6, 5, 9860
6, 5, 9554
6, 5, 2454
6, 4, 8815
6, 4, 8957
6, 4, 9816
6, 4, 9860
6, 3, 2721
6, 3, 1936
6, 3, 2059
6, 2, 2567
6, 2, 1751
6, 1, 2272
6, 5, 38558
6, 5, 37661
6, 5, 37676
6, 5, 38748
6, 5, 38651
6, 4, 9139
6, 4, 9390
6, 4, 10402
6, 4, 10384
6, 3, 2463
6, 3, 2884
6, 3, 2903
6, 2, 2542
6, 2, 1785
6, 1, 2663
6, 5, 2663
6, 5, 12212
6, 5, 13588
6, 5, 14562
6, 5, 14507
6, 4, 8493
6, 4, 8182
6, 4, 9069
6, 4, 9118
6, 3, 2597
6, 3, 2297
6, 3, 2307
6, 2, 2497
6, 2, 1879
6, 1, 20261
6, 5, 7469
6, 5, 14301
6, 5, 15318
6, 5, 15334
6, 5, 14507
6, 4, 10296
6, 4, 10681
6, 4, 11748
6, 4, 11757
6, 3, 2403
6, 3, 2555
6, 3, 2657
6, 2, 2719
6, 2, 2061
6, 1, 2673
6, 5, 42684
6, 5, 43230
6, 5, 44492
6, 5, 45484
6, 5, 45444
6, 4, 9470
6, 4, 9645
6, 4, 11283
6, 4, 11127
6, 3, 2385
6, 3, 1719
6, 3, 1560
6, 2, 2741
6, 2, 1825
6, 1, 3408
6, 5, 2522
6, 5, 1764
6, 5, 1267
6, 5, 1296
6, 5, 1325
6, 4, 12625
6, 4, 12813
6, 4, 13826
6, 4, 13754
6, 3, 2727
6, 3, 1918
6, 3, 1930
6, 2, 2609
6, 2, 1866
6, 1, 3207
6, 5, 37500
6, 5, 38349
6, 5, 39378
6, 5, 40318
6, 5, 40211
6, 4, 11051
6, 4, 10741
6, 4, 11782
6, 4, 11740
6, 3, 2725
6, 3, 2648
6, 3, 2737
6, 2, 2938
6, 2, 1786
6, 1, 2592
6, 5, 9633
6, 5, 9476
6, 5, 10256
6, 5, 10175
6, 5, 40211
6, 4, 9863
6, 4, 9389
6, 4, 10355
6, 4, 10267
6, 3, 2657
6, 3, 2803
6, 3, 2849
6, 2, 2611
6, 2, 1839
6, 1, 2334
6, 5, 11037
6, 5, 9899
6, 5, 10875
6, 5, 10885
6, 5, 40211
6, 4, 8160
6, 4, 8414
6, 4, 9444
6, 4, 9437
6, 3, 2774
6, 3, 2180
6, 3, 2026
6, 2, 31102
6, 2, 30206
6, 1, 2713
6, 5, 10851
6, 5, 11108
6, 5, 12099
6, 5, 12054
6, 5, 40211
6, 4, 4213
6, 4, 4443
6, 4, 5644
6, 4, 5651
6, 3, 3827
6, 3, 3589
6, 3, 3252
6, 2, 2516
6, 2, 1677
6, 1, 3466
6, 5, 3466
6, 5, 8370
6, 5, 9551
6, 5, 10338
6, 5, 10384
6, 4, 10441
6, 4, 10954
6, 4, 11901
6, 4, 11839
6, 3, 2284
6, 3, 2754
6, 3, 2776
6, 2, 3160
6, 2, 1650
6, 1, 2335
6, 5, 12444
6, 5, 12730
6, 5, 13566
6, 5, 13605
6, 5, 10384
6, 4, 10675
6, 4, 11009
6, 4, 12106
6, 4, 11950
6, 3, 2553
6, 3, 2007
6, 3, 2027
6, 2, 3062
6, 2, 1802
6, 1, 2554
6, 5, 40585
6, 5, 41378
6, 5, 42640
6, 5, 43555
6, 5, 43554
6, 4, 7688
6, 4, 8093
6, 4, 8061
6, 4, 8065
6, 3, 5151
6, 3, 5159
6, 3, 5223
6, 2, 2581
6, 2, 1802
6, 1, 2473
6, 5, 11993
6, 5, 12420
6, 5, 13414
6, 5, 13412
6, 5, 43554
6, 4, 10652
6, 4, 10336
6, 4, 11271
6, 4, 11274
6, 3, 2584
6, 3, 1874
6, 3, 1838
6, 2, 2779
6, 2, 1904
6, 1, 2382
6, 5, 2382
6, 5, 8262
6, 5, 9394
6, 5, 10622
6, 5, 10610
6, 4, 2686
6, 4, 1510
6, 4, 1663
6, 4, 1741
6, 3, 2683
6, 3, 3860
6, 3, 3855
6, 2, 2557
6, 2, 23391
6, 1, 2313
6, 5, 2313
6, 5, 8481
6, 5, 9834
6, 5, 10903
6, 5, 10805
6, 4, 10846
6, 4, 11402
6, 4, 11768
6, 4, 11701
6, 3, 2523
6, 3, 2400
6, 3, 2298
6, 2, 2845
6, 2, 2083
6, 1, 3178
6, 5, 6209
6, 5, 6425
6, 5, 6386
6, 5, 11701
6, 5, 15017
6, 4, 10523
6, 4, 10812
6, 4, 11390
6, 4, 11325
6, 3, 2901
6, 3, 2846
6, 3, 2704
6, 2, 2680
6, 2, 1824
6, 1, 2342
6, 5, 12275
6, 5, 12715
6, 5, 13474
6, 5, 13520
6, 5, 15017
6, 4, 10961
6, 4, 11508
6, 4, 12340
6, 4, 12353
6, 3, 2778
6, 3, 2926
6, 3, 2863
6, 2, 2681
6, 2, 1902
6, 1, 2137
6, 5, 2137
6, 5, 6668
6, 5, 7261
6, 5, 8246
6, 5, 8189
6, 4, 12346
6, 4, 14100
6, 4, 14967
6, 4, 14999
6, 3, 2471
6, 3, 2693
6, 3, 2656
6, 2, 2652
6, 2, 1789
6, 1, 2489
6, 5, 7713
6, 5, 7020
6, 5, 7052
6, 5, 10710
6, 5, 8189
6, 4, 7961
6, 4, 8021
6, 4, 10233
6, 4, 10134
6, 3, 2285
6, 3, 1542
6, 3, 1592
6, 2, 2877
6, 2, 2110
6, 1, 2375
6, 5, 9921
6, 5, 9995
6, 5, 10907
6, 5, 10900
6, 5, 8189
6, 4, 7781
6, 4, 7770
6, 4, 7836
6, 4, 12176
6, 3, 2950
6, 3, 2305
6, 3, 2192
6, 2, 2809
6, 2, 1810
6, 1, 2741
6, 5, 7077
6, 5, 7783
6, 5, 8844
6, 5, 8869
6, 5, 8189
6, 4, 10491
6, 4, 10860
6, 4, 11900
6, 4, 11785
6, 3, 2522
6, 3, 2172
6, 3, 2107
6, 2, 2557
6, 2, 1733
6, 1, 2662
6, 5, 7143
6, 5, 7684
6, 5, 8569
6, 5, 8690
6, 5, 8189
6, 4, 7274
6, 4, 6995
6, 4, 8157
6, 4, 8013
6, 3, 2571
6, 3, 2920
6, 3, 2688
6, 2, 2725
6, 2, 1841
6, 1, 7263
6, 5, 7263
6, 5, 10851
6, 5, 12169
6, 5, 12826
6, 5, 12963
6, 4, 10005
6, 4, 9406
6, 4, 10251
6, 4, 10249
6, 3, 2435
6, 3, 1331
6, 3, 1221
6, 2, 2441
6, 2, 1806
6, 1, 2659
6, 5, 2659
6, 5, 7572
6, 5, 8833
6, 5, 9278
6, 5, 9301
6, 4, 12069
6, 4, 11914
6, 4, 12941
6, 4, 12987
6, 3, 3324
6, 3, 1959
6, 3, 2081
6, 2, 4044
6, 2, 2485
6, 1, 2702
6, 5, 53454
6, 5, 73725
6, 5, 73563
6, 5, 73592
6, 5, 9301
6, 4, 9891
6, 4, 10036
6, 4, 10917
6, 4, 11005
6, 3, 3078
6, 3, 2374
6, 3, 2411
6, 2, 3143
6, 2, 1923
6, 1, 2781
6, 5, 2781
6, 5, 9389
6, 5, 10482
6, 5, 10986
6, 5, 10924
6, 4, 11110
6, 4, 10953
6, 4, 12038
6, 4, 11875
6, 3, 3084
6, 3, 1784
6, 3, 1793
6, 2, 2964
6, 2, 1755
6, 1, 3696
6, 5, 3696
6, 5, 12459
6, 5, 13103
6, 5, 14167
6, 5, 14033
6, 4, 7160
6, 4, 7471
6, 4, 8557
6, 4, 8529
6, 3, 3508
6, 3, 2286
6, 3, 2330
6, 2, 3244
6, 2, 1789
6, 1, 2597
6, 5, 66928
6, 5, 66901
6, 5, 67802
6, 5, 67814
6, 5, 14033
6, 4, 63304
6, 4, 91429
6, 4, 92129
6, 4, 92033
6, 3, 70090
6, 3, 69961
6, 3, 69845
6, 2, 33462
6, 2, 31929
6, 1, 3209
6, 5, 3285
6, 5, 1705
6, 5, 1530
6, 5, 1509
6, 5, 14033
6, 4, 2884
6, 4, 1699
6, 4, 1712
6, 4, 1618
6, 3, 2757
6, 3, 1722
6, 3, 1487
6, 2, 2947
6, 2, 1304
6, 1, 3056
6, 5, 3780
6, 5, 2274
6, 5, 2238
6, 5, 2176
6, 5, 1980
6, 4, 3239
6, 4, 1134
6, 4, 1185
6, 4, 2176
6, 3, 5037
6, 3, 2117
6, 3, 2192
6, 2, 2899
6, 2, 1572
6, 1, 3191
6, 5, 3988
6, 5, 2359
6, 5, 2367
6, 5, 2326
6, 5, 2264
6, 4, 3108
6, 4, 2631
6, 4, 1477
6, 4, 1433
6, 3, 2779
6, 3, 1514
6, 3, 1486
6, 2, 3164
6, 2, 1943
6, 1, 3106
6, 5, 3106
6, 5, 1628
6, 5, 1470
6, 5, 1430
6, 5, 1275
6, 4, 2605
6, 4, 1473
6, 4, 1346
6, 4, 1479
6, 3, 2721
6, 3, 1443
6, 3, 1417
6, 2, 3424
6, 2, 2077
6, 1, 3035
6, 5, 3271
6, 5, 1472
6, 5, 1331
6, 5, 1364
6, 5, 1275
6, 4, 2761
6, 4, 1562
6, 4, 1521
6, 4, 1572
6, 3, 2552
6, 3, 1576
6, 3, 1654
6, 2, 8632
6, 2, 1419
6, 1, 3595
6, 5, 3595
6, 5, 2467
6, 5, 3544
6, 5, 2238
6, 5, 2171
6, 4, 3415
6, 4, 1891
6, 4, 1907
6, 4, 1876
6, 3, 2702
6, 3, 1797
6, 3, 1668
6, 2, 3282
6, 2, 2084
6, 1, 2990
6, 5, 3592
6, 5, 2466
6, 5, 2359
6, 5, 2344
6, 5, 2142
6, 4, 3170
6, 4, 1610
6, 4, 1641
6, 4, 1425
6, 3, 3049
6, 3, 1608
6, 3, 1550
6, 2, 2917
6, 2, 1757
6, 1, 3049
6, 5, 3053
6, 5, 1725
6, 5, 1207
6, 5, 1194
6, 5, 1232
6, 4, 2837
6, 4, 1794
6, 4, 1745
6, 4, 1579
6, 3, 8717
6, 3, 7454
6, 3, 7505
6, 2, 2824
6, 2, 1616
6, 1, 12247
6, 5, 4163
6, 5, 2949
6, 5, 2873
6, 5, 2930
6, 5, 2828
6, 4, 3801
6, 4, 1917
6, 4, 1675
6, 4, 1733
6, 3, 2912
6, 3, 1182
6, 3, 1110
6, 2, 2994
6, 2, 1533
6, 1, 3929
6, 5, 3274
6, 5, 1644
6, 5, 1621
6, 5, 1690
6, 5, 2828
6, 4, 2895
6, 4, 1489
6, 4, 1498
6, 4, 1435
6, 3, 2795
6, 3, 1655
6, 3, 1567
6, 2, 2879
6, 2, 1639
6, 1, 2856
6, 5, 2770
6, 5, 1542
6, 5, 1538
6, 5, 1504
6, 5, 2828
6, 4, 3170
6, 4, 1720
6, 4, 1652
6, 4, 1589
6, 3, 2736
6, 3, 1505
6, 3, 1469
6, 2, 2996
6, 2, 1921
6, 1, 2798
6, 5, 3241
6, 5, 1612
6, 5, 1663
6, 5, 1642
6, 5, 2828
6, 4, 2960
6, 4, 1733
6, 4, 1677
6, 4, 1762
6, 3, 3411
6, 3, 1680
6, 3, 1564
6, 2, 2955
6, 2, 1639
6, 1, 2881
6, 5, 2881
6, 5, 1606
6, 5, 1605
6, 5, 1530
6, 5, 1464
6, 4, 2817
6, 4, 1578
6, 4, 1434
6, 4, 1388
6, 3, 4040
6, 3, 2730
6, 3, 2710
6, 2, 2794
6, 2, 1651
6, 1, 2967
6, 5, 2967
6, 5, 1622
6, 5, 1698
6, 5, 1677
6, 5, 1388
6, 4, 2918
6, 4, 1654
6, 4, 1746
6, 4, 1624
6, 3, 3008
6, 3, 1692
6, 3, 1514
6, 2, 2728
6, 2, 1636
6, 1, 2817
6, 5, 2817
6, 5, 1773
6, 5, 1628
6, 5, 1543
6, 5, 1462
6, 4, 3026
6, 4, 1488
6, 4, 1357
6, 4, 1413
6, 3, 2636
6, 3, 1587
6, 3, 1507
6, 2, 2717
6, 2, 1434
6, 1, 3183
6, 5, 3183
6, 5, 1670
6, 5, 1449
6, 5, 1405
6, 5, 1363
6, 4, 2979
6, 4, 1781
6, 4, 1654
6, 4, 1510
6, 3, 5023
6, 3, 2262
6, 3, 2070
6, 2, 2895
6, 2, 1713
6, 1, 2888
6, 5, 2888
6, 5, 1557
6, 5, 1556
6, 5, 1456
6, 5, 1508
6, 4, 4312
6, 4, 1431
6, 4, 1192
6, 4, 1132
6, 3, 2859
6, 3, 1695
6, 3, 1721
6, 2, 2959
6, 2, 1766
6, 1, 2908
6, 5, 5710
6, 5, 3178
6, 5, 3037
6, 5, 2908
6, 5, 2786
6, 4, 2784
6, 4, 1494
6, 4, 1366
6, 4, 1219
6, 3, 2908
6, 3, 1513
6, 3, 1463
6, 2, 3000
6, 2, 1856
6, 1, 3133
6, 5, 3133
6, 5, 1650
6, 5, 1576
6, 5, 1467
6, 5, 1467
6, 4, 2637
6, 4, 1537
6, 4, 1517
6, 4, 1336
6, 3, 2894
6, 3, 1667
6, 3, 1535
6, 2, 2912
6, 2, 1684
6, 1, 3100
6, 5, 3663
6, 5, 2560
6, 5, 2416
6, 5, 2430
6, 5, 2299
6, 4, 3430
6, 4, 1680
6, 4, 1597
6, 4, 1607
6, 3, 2940
6, 3, 2017
6, 3, 1972
6, 2, 2770
6, 2, 1645
6, 1, 3193
6, 5, 2750
6, 5, 1684
6, 5, 1662
6, 5, 1696
6, 5, 2299
6, 4, 3308
6, 4, 1653
6, 4, 1559
6, 4, 1576
6, 3, 2856
6, 3, 1705
6, 3, 1674
6, 2, 3059
6, 2, 1810
6, 1, 2727
6, 5, 4577
6, 5, 2533
6, 5, 2456
6, 5, 2488
6, 5, 2439
6, 4, 2935
6, 4, 1501
6, 4, 1508
6, 4, 1454
6, 3, 3383
6, 3, 1761
6, 3, 1797
6, 2, 2797
6, 2, 1559
6, 1, 2870
6, 5, 2908
6, 5, 1546
6, 5, 1531
6, 5, 1459
6, 5, 2439
6, 4, 2818
6, 4, 1753
6, 4, 1556
6, 4, 1629
6, 3, 3646
6, 3, 2175
6, 3, 2112
6, 2, 3282
6, 2, 1832
6, 1, 3257
6, 5, 2743
6, 5, 1561
6, 5, 1409
6, 5, 1361
6, 5, 2439
6, 4, 2759
6, 4, 1697
6, 4, 1677
6, 4, 1567
6, 3, 2777
6, 3, 1470
6, 3, 1529
6, 2, 2756
6, 2, 1669
6, 1, 3389
6, 5, 2953
6, 5, 1679
6, 5, 1568
6, 5, 1650
6, 5, 2439
6, 4, 3188
6, 4, 1420
6, 4, 1280
6, 4, 1414
6, 3, 23690
6, 3, 22199
6, 3, 22230
6, 2, 42886
6, 2, 40761
6, 1, 2449
6, 5, 4043
6, 5, 1627
6, 5, 1367
6, 5, 1325
6, 5, 2439
6, 4, 4043
6, 4, 933
6, 4, 1011
6, 4, 976
6, 3, 3260
6, 3, 1693
6, 3, 769
6, 2, 2537
6, 2, 1310
6, 1, 2743
6, 5, 3026
6, 5, 1335
6, 5, 1290
6, 5, 1209
6, 5, 2439
6, 4, 2936
6, 4, 1525
6, 4, 1374
6, 4, 1320
6, 3, 2337
6, 3, 1195
6, 3, 1100
6, 2, 3764
6, 2, 1584
6, 1, 2494
6, 5, 3074
6, 5, 1415
6, 5, 1248
6, 5, 1115
6, 5, 2439
6, 4, 2942
6, 4, 1809
6, 4, 1739
6, 4, 1623
6, 3, 2388
6, 3, 1245
6, 3, 1216
6, 2, 2696
6, 2, 1654
6, 1, 2479
6, 5, 2648
6, 5, 1727
6, 5, 1628
6, 5, 1490
6, 5, 2439
6, 4, 2750
6, 4, 1510
6, 4, 1342
6, 4, 1315
6, 3, 2377
6, 3, 1265
6, 3, 1103
6, 2, 2861
6, 2, 1281
6, 1, 3376
6, 5, 3037
6, 5, 1507
6, 5, 1482
6, 5, 1272
6, 5, 2439
6, 4, 2846
6, 4, 1412
6, 4, 1405
6, 4, 1219
6, 3, 2592
6, 3, 1341
6, 3, 1424
6, 2, 2511
6, 2, 1399
6, 1, 2412
6, 5, 3137
6, 5, 2042
6, 5, 1820
6, 5, 1793
6, 5, 2439
6, 4, 2697
6, 4, 1643
6, 4, 1581
6, 4, 1369
6, 3, 2268
6, 3, 1321
6, 3, 1166
6, 2, 2623
6, 2, 1308
6, 1, 2527
6, 5, 2649
6, 5, 1346
6, 5, 1365
6, 5, 1233
6, 5, 2439
6, 4, 2570
6, 4, 1300
6, 4, 1254
6, 4, 1229
6, 3, 2409
6, 3, 1342
6, 3, 1219
6, 2, 2855
6, 2, 1594
6, 1, 2613
6, 5, 2729
6, 5, 1501
6, 5, 1431
6, 5, 1401
6, 5, 2439
6, 4, 2664
6, 4, 1348
6, 4, 1194
6, 4, 1173
6, 3, 4217
6, 3, 2067
6, 3, 2022
6, 2, 2713
6, 2, 1625
6, 1, 2605
6, 5, 2873
6, 5, 1587
6, 5, 1359
6, 5, 1367
6, 5, 2439
6, 4, 4258
6, 4, 1879
6, 4, 1773
6, 4, 1584
6, 3, 2934
6, 3, 1283
6, 3, 1066
6, 2, 2655
6, 2, 1336
6, 1, 2714
6, 5, 2714
6, 5, 1182
6, 5, 965
6, 5, 985
6, 5, 2439
6, 4, 2939
6, 4, 1461
6, 4, 1372
6, 4, 1248
6, 3, 2955
6, 3, 1238
6, 3, 1070
6, 2, 2976
6, 2, 1298
6, 1, 2766
6, 5, 2766
6, 5, 1685
6, 5, 1605
6, 5, 1616
6, 5, 1440
6, 4, 2707
6, 4, 1525
6, 4, 1290
6, 4, 1195
6, 3, 2519
6, 3, 1267
6, 3, 1122
6, 2, 3282
6, 2, 2092
6, 1, 2740
6, 5, 3157
6, 5, 1442
6, 5, 1355
6, 5, 1219
6, 5, 1440
6, 4, 2855
6, 4, 1421
6, 4, 1439
6, 4, 1284
6, 3, 2605
6, 3, 1381
6, 3, 1231
6, 2, 2836
6, 2, 1135
6, 1, 2577
6, 5, 3136
6, 5, 1656
6, 5, 1422
6, 5, 1499
6, 5, 1440
6, 4, 2723
6, 4, 1448
6, 4, 1499
6, 4, 1428
6, 3, 2566
6, 3, 1120
6, 3, 1068
6, 2, 2355
6, 2, 1229
6, 1, 3128
6, 5, 2961
6, 5, 1464
6, 5, 1447
6, 5, 921
6, 5, 720
6, 4, 2965
6, 4, 1501
6, 4, 1456
6, 4, 1465
6, 3, 2401
6, 3, 1478
6, 3, 1508
6, 2, 2657
6, 2, 1500
6, 1, 4599
6, 5, 2766
6, 5, 1615
6, 5, 1519
6, 5, 1519
6, 5, 720
6, 4, 4005
6, 4, 2614
6, 4, 2414
6, 4, 2470
6, 3, 2629
6, 3, 1286
6, 3, 1205
6, 2, 2693
6, 2, 1546
6, 1, 2247
6, 5, 2608
6, 5, 1374
6, 5, 1202
6, 5, 1215
6, 5, 720
6, 4, 3312
6, 4, 1832
6, 4, 1730
6, 4, 1582
6, 3, 2402
6, 3, 1012
6, 3, 1080
6, 2, 4465
6, 2, 2413
6, 1, 2711
6, 5, 2711
6, 5, 1315
6, 5, 1225
6, 5, 1262
6, 5, 1229
6, 4, 2468
6, 4, 1239
6, 4, 1295
6, 4, 1164
6, 3, 2438
6, 3, 1336
6, 3, 1161
6, 2, 2578
6, 2, 1294
6, 1, 2548
6, 5, 2787
6, 5, 1503
6, 5, 1466
6, 5, 1266
6, 5, 1229
6, 4, 2358
6, 4, 1317
6, 4, 1245
6, 4, 1266
6, 3, 2412
6, 3, 1184
6, 3, 1118
6, 2, 2843
6, 2, 1210
6, 1, 2930
6, 5, 3010
6, 5, 1551
6, 5, 1518
6, 5, 1352
6, 5, 1229
6, 4, 2585
6, 4, 1509
6, 4, 1348
6, 4, 1312
6, 3, 2734
6, 3, 1372
6, 3, 1393
6, 2, 3166
6, 2, 1809
6, 1, 2727
end of: 5 nodes ring test
5, 4, 2102
5, 4, 1750
5, 4, 1751
5, 4, 1729
5, 3, 2567
5, 3, 1062
5, 3, 932
5, 2, 2528
5, 2, 775
5, 1, 2231
5, 4, 2231
5, 4, 958
5, 4, 922
5, 4, 970
5, 3, 2523
5, 3, 1182
5, 3, 1160
5, 2, 2552
5, 2, 1273
5, 1, 2232
5, 4, 3325
5, 4, 1848
5, 4, 1866
5, 4, 1798
5, 3, 2206
5, 3, 991
5, 3, 981
5, 2, 2824
5, 2, 1211
5, 1, 2654
5, 4, 2176
5, 4, 1006
5, 4, 927
5, 4, 1798
5, 3, 2083
5, 3, 913
5, 3, 842
5, 2, 2627
5, 2, 1063
5, 1, 2349
5, 4, 2211
5, 4, 1067
5, 4, 1013
5, 4, 1798
5, 3, 2347
5, 3, 1035
5, 3, 867
5, 2, 2546
5, 2, 953
5, 1, 2760
5, 4, 2304
5, 4, 1091
5, 4, 1065
5, 4, 1798
5, 3, 3422
5, 3, 2237
5, 3, 2207
5, 2, 2424
5, 2, 807
5, 1, 2344
5, 4, 2309
5, 4, 976
5, 4, 930
5, 4, 1798
5, 3, 2726
5, 3, 925
5, 3, 871
5, 2, 2647
5, 2, 1146
5, 1, 2401
5, 4, 2406
5, 4, 941
5, 4, 867
5, 4, 1798
5, 3, 2277
5, 3, 983
5, 3, 1032
5, 2, 2254
5, 2, 1246
5, 1, 2501
5, 4, 4982
5, 4, 3652
5, 4, 3602
5, 4, 1798
5, 3, 2471
5, 3, 1183
5, 3, 1063
5, 2, 2711
5, 2, 1091
5, 1, 2323
5, 4, 2645
5, 4, 1248
5, 4, 1067
5, 4, 1798
5, 3, 2276
5, 3, 1153
5, 3, 1052
5, 2, 2298
5, 2, 1140
5, 1, 2222
5, 4, 2252
5, 4, 1081
5, 4, 1091
5, 4, 1798
5, 3, 2258
5, 3, 1110
5, 3, 924
5, 2, 2286
5, 2, 1132
5, 1, 2377
5, 4, 2687
5, 4, 1176
5, 4, 1169
5, 4, 1798
5, 3, 2201
5, 3, 960
5, 3, 932
5, 2, 2119
5, 2, 987
5, 1, 2385
5, 4, 34445
5, 4, 33118
5, 4, 32991
5, 4, 33062
5, 3, 2214
5, 3, 1158
5, 3, 1051
5, 2, 2318
5, 2, 1073
5, 1, 2356
5, 4, 2222
5, 4, 1100
5, 4, 943
5, 4, 33062
5, 3, 2222
5, 3, 1093
5, 3, 1035
5, 2, 2622
5, 2, 1277
5, 1, 2250
5, 4, 2270
5, 4, 1113
5, 4, 1048
5, 4, 33062
5, 3, 2230
5, 3, 1068
5, 3, 980
5, 2, 2291
5, 2, 1062
5, 1, 2347
5, 4, 2347
5, 4, 1000
5, 4, 1001
5, 4, 1027
5, 3, 2713
5, 3, 1023
5, 3, 1067
5, 2, 2447
5, 2, 1170
5, 1, 2513
5, 4, 2995
5, 4, 1534
5, 4, 1438
5, 4, 1440
5, 3, 2310
5, 3, 1140
5, 3, 1129
5, 2, 2071
5, 2, 976
5, 1, 2141
5, 4, 4202
5, 4, 2797
5, 4, 2614
5, 4, 2628
5, 3, 2279
5, 3, 1047
5, 3, 975
5, 2, 2188
5, 2, 1003
5, 1, 2584
5, 4, 2419
5, 4, 1174
5, 4, 983
5, 4, 2628
5, 3, 3986
5, 3, 2561
5, 3, 2401
5, 2, 2183
5, 2, 963
5, 1, 2684
5, 4, 2684
5, 4, 1144
5, 4, 1127
5, 4, 980
5, 3, 2217
5, 3, 1140
5, 3, 1084
5, 2, 6043
5, 2, 4762
5, 1, 2213
5, 4, 2213
5, 4, 1051
5, 4, 1063
5, 4, 1013
5, 3, 2526
5, 3, 884
5, 3, 929
5, 2, 2247
5, 2, 1108
5, 1, 2207
5, 4, 2551
5, 4, 1005
5, 4, 1006
5, 4, 1013
5, 3, 2230
5, 3, 963
5, 3, 1025
5, 2, 2093
5, 2, 1024
5, 1, 2611
5, 4, 2350
5, 4, 1035
5, 4, 1042
5, 4, 1013
5, 3, 2769
5, 3, 1192
5, 3, 997
5, 2, 2303
5, 2, 1064
5, 1, 2230
5, 4, 2269
5, 4, 1110
5, 4, 1019
5, 4, 1013
5, 3, 2678
5, 3, 1118
5, 3, 960
5, 2, 4045
5, 2, 1815
5, 1, 2375
5, 4, 2296
5, 4, 1224
5, 4, 1048
5, 4, 1013
5, 3, 2448
5, 3, 1179
5, 3, 1176
5, 2, 2352
5, 2, 910
5, 1, 2705
5, 4, 2705
5, 4, 942
5, 4, 1027
5, 4, 886
5, 3, 2239
5, 3, 1091
5, 3, 1133
5, 2, 2418
5, 2, 1151
5, 1, 2247
5, 4, 2247
5, 4, 993
5, 4, 1010
5, 4, 959
5, 3, 2394
5, 3, 985
5, 3, 930
5, 2, 4501
5, 2, 3359
5, 1, 2145
5, 4, 2462
5, 4, 1173
5, 4, 1057
5, 4, 959
5, 3, 2472
5, 3, 884
5, 3, 868
5, 2, 2388
5, 2, 1125
5, 1, 2631
5, 4, 2256
5, 4, 1198
5, 4, 1152
5, 4, 959
5, 3, 2455
5, 3, 1209
5, 3, 1150
5, 2, 2386
5, 2, 1101
5, 1, 2387
5, 4, 2841
5, 4, 1074
5, 4, 1037
5, 4, 959
5, 3, 2785
5, 3, 1645
5, 3, 1239
5, 2, 2255
5, 2, 1084
5, 1, 2435
5, 4, 2132
5, 4, 976
5, 4, 895
5, 4, 959
5, 3, 2404
5, 3, 1138
5, 3, 1013
5, 2, 33459
5, 2, 32360
5, 1, 2628
5, 4, 2861
5, 4, 1628
5, 4, 1569
5, 4, 1533
5, 3, 2499
5, 3, 1027
5, 3, 867
5, 2, 2397
5, 2, 1310
5, 1, 2733
5, 4, 2383
5, 4, 1211
5, 4, 1214
5, 4, 1533
5, 3, 2427
5, 3, 983
5, 3, 819
5, 2, 2600
5, 2, 1003
5, 1, 3153
5, 4, 3153
5, 4, 1151
5, 4, 1025
5, 4, 995
5, 3, 2206
5, 3, 1352
5, 3, 1209
5, 2, 2222
5, 2, 979
5, 1, 6286
5, 4, 2078
5, 4, 1138
5, 4, 1058
5, 4, 995
5, 3, 2483
5, 3, 1049
5, 3, 982
5, 2, 2233
5, 2, 940
5, 1, 2270
5, 4, 2385
5, 4, 1128
5, 4, 1018
5, 4, 995
5, 3, 2098
5, 3, 1332
5, 3, 1371
5, 2, 2426
5, 2, 1137
5, 1, 2294
5, 4, 7467
5, 4, 5667
5, 4, 5498
5, 4, 5375
5, 3, 2554
5, 3, 1332
5, 3, 1169
5, 2, 2845
5, 2, 1752
5, 1, 2236
5, 4, 2236
5, 4, 1392
5, 4, 1276
5, 4, 1138
5, 3, 2385
5, 3, 1085
5, 3, 1113
5, 2, 2220
5, 2, 1135
5, 1, 2484
5, 4, 2506
5, 4, 1434
5, 4, 1375
5, 4, 1345
5, 3, 2312
5, 3, 1129
5, 3, 1062
5, 2, 2242
5, 2, 1227
5, 1, 2510
5, 4, 2510
5, 4, 1232
5, 4, 1182
5, 4, 1113
5, 3, 2971
5, 3, 1102
5, 3, 908
5, 2, 2325
5, 2, 941
5, 1, 2576
5, 4, 2347
5, 4, 1153
5, 4, 1066
5, 4, 1113
5, 3, 2695
5, 3, 1072
5, 3, 960
5, 2, 2234
5, 2, 1076
5, 1, 2178
5, 4, 2391
5, 4, 1173
5, 4, 1064
5, 4, 1113
5, 3, 2779
5, 3, 1171
5, 3, 1138
5, 2, 31986
5, 2, 30683
5, 1, 2326
5, 4, 2326
5, 4, 1083
5, 4, 1019
5, 4, 993
5, 3, 2236
5, 3, 1230
5, 3, 1091
5, 2, 2298
5, 2, 1075
5, 1, 2298
5, 4, 3221
5, 4, 1965
5, 4, 1804
5, 4, 1788
5, 3, 3221
5, 3, 838
5, 3, 735
5, 2, 2485
5, 2, 1207
5, 1, 2528
5, 4, 2528
5, 4, 1250
5, 4, 1137
5, 4, 1041
5, 3, 2251
5, 3, 1007
5, 3, 880
5, 2, 2513
5, 2, 1151
5, 1, 2292
5, 4, 2450
5, 4, 1081
5, 4, 977
5, 4, 1041
5, 3, 2146
5, 3, 1114
5, 3, 1044
5, 2, 2315
5, 2, 1135
5, 1, 2360
5, 4, 2716
5, 4, 1034
5, 4, 1008
5, 4, 1041
5, 3, 2362
5, 3, 1082
5, 3, 1133
5, 2, 2351
5, 2, 895
5, 1, 2393
5, 4, 2429
5, 4, 1247
5, 4, 1132
5, 4, 1041
5, 3, 2671
5, 3, 1079
5, 3, 932
5, 2, 2767
5, 2, 1078
5, 1, 2755
5, 4, 2537
5, 4, 1310
5, 4, 1101
5, 4, 1041
5, 3, 2224
5, 3, 1228
5, 3, 1193
5, 2, 2577
5, 2, 1340
5, 1, 2291
5, 4, 2191
5, 4, 1114
5, 4, 1024
5, 4, 1041
5, 3, 2282
5, 3, 1320
5, 3, 1226
5, 2, 2216
5, 2, 1129
5, 1, 2681
5, 4, 2642
5, 4, 975
5, 4, 800
5, 4, 1041
5, 3, 2153
5, 3, 1005
5, 3, 937
5, 2, 2259
5, 2, 1062
5, 1, 2484
5, 4, 2484
5, 4, 1001
5, 4, 1199
5, 4, 994
5, 3, 2395
5, 3, 1048
5, 3, 1075
5, 2, 2360
5, 2, 1092
5, 1, 3851
5, 4, 2061
5, 4, 863
5, 4, 960
5, 4, 994
5, 3, 2362
5, 3, 1115
5, 3, 1059
5, 2, 2551
5, 2, 1000
5, 1, 2351
5, 4, 2689
5, 4, 989
5, 4, 1082
5, 4, 994
5, 3, 2231
5, 3, 1153
5, 3, 1130
5, 2, 2317
5, 2, 1151
5, 1, 2888
5, 4, 2584
5, 4, 1170
5, 4, 1109
5, 4, 994
5, 3, 2083
5, 3, 1093
5, 3, 1083
5, 2, 2732
5, 2, 1103
5, 1, 2357
5, 4, 10939
5, 4, 8651
5, 4, 8743
5, 4, 8658
5, 3, 2229
5, 3, 1108
5, 3, 859
5, 2, 2324
5, 2, 1274
5, 1, 2119
5, 4, 2255
5, 4, 1464
5, 4, 1368
5, 4, 8658
5, 3, 2317
5, 3, 988
5, 3, 1005
5, 2, 2145
5, 2, 953
5, 1, 2278
5, 4, 2278
5, 4, 1056
5, 4, 1001
5, 4, 884
5, 3, 2385
5, 3, 979
5, 3, 816
5, 2, 2942
5, 2, 947
5, 1, 2277
5, 4, 2294
5, 4, 1024
5, 4, 1067
5, 4, 884
5, 3, 2244
5, 3, 1041
5, 3, 1032
5, 2, 2168
5, 2, 899
5, 1, 2160
5, 4, 2201
5, 4, 1109
5, 4, 1056
5, 4, 884
5, 3, 2738
5, 3, 1336
5, 3, 1128
5, 2, 2266
5, 2, 1096
5, 1, 2413
5, 4, 2603
5, 4, 1211
5, 4, 1176
5, 4, 884
5, 3, 2419
5, 3, 1222
5, 3, 1133
5, 2, 2532
5, 2, 882
5, 1, 2794
5, 4, 2357
5, 4, 1046
5, 4, 1128
5, 4, 884
5, 3, 2240
5, 3, 1103
5, 3, 924
5, 2, 3091
5, 2, 1263
5, 1, 2347
5, 4, 2339
5, 4, 925
5, 4, 980
5, 4, 884
5, 3, 2227
5, 3, 1042
5, 3, 973
5, 2, 2407
5, 2, 1410
5, 1, 2510
5, 4, 2854
5, 4, 1474
5, 4, 1135
5, 4, 884
5, 3, 2596
5, 3, 1112
5, 3, 1030
5, 2, 2164
5, 2, 990
5, 1, 2329
5, 4, 2379
5, 4, 1243
5, 4, 1070
5, 4, 884
5, 3, 2166
5, 3, 999
5, 3, 1001
5, 2, 2327
5, 2, 1077
5, 1, 2126
5, 4, 2327
5, 4, 1103
5, 4, 975
5, 4, 884
5, 3, 2388
5, 3, 1197
5, 3, 1044
5, 2, 2204
5, 2, 1055
5, 1, 2243
5, 4, 2243
5, 4, 1124
5, 4, 1133
5, 4, 1040
5, 3, 2354
5, 3, 1020
5, 3, 995
5, 2, 3507
5, 2, 1405
5, 1, 2520
5, 4, 2225
5, 4, 1089
5, 4, 1056
5, 4, 1040
5, 3, 2137
5, 3, 1101
5, 3, 885
5, 2, 2228
5, 2, 1170
5, 1, 2032
5, 4, 2466
5, 4, 1187
5, 4, 1021
5, 4, 1040
5, 3, 2313
5, 3, 1123
5, 3, 1020
5, 2, 2482
5, 2, 1105
5, 1, 2208
5, 4, 3294
5, 4, 2229
5, 4, 2212
5, 4, 2020
5, 3, 2265
5, 3, 1000
5, 3, 798
5, 2, 2619
5, 2, 1376
5, 1, 2292
5, 4, 11793
5, 4, 1376
5, 4, 886
5, 4, 796
5, 3, 2557
5, 3, 1055
5, 3, 900
5, 2, 2122
5, 2, 1155
5, 1, 2070
5, 4, 2070
5, 4, 1016
5, 4, 1041
5, 4, 951
5, 3, 2344
5, 3, 1150
5, 3, 1006
5, 2, 2647
5, 2, 927
5, 1, 2717
5, 4, 2366
5, 4, 2183
5, 4, 2009
5, 4, 951
5, 3, 2088
5, 3, 993
5, 3, 870
5, 2, 2379
5, 2, 1020
5, 1, 2402
5, 4, 2928
5, 4, 1050
5, 4, 962
5, 4, 951
5, 3, 2593
5, 3, 1117
5, 3, 953
5, 2, 3348
5, 2, 1464
5, 1, 2247
5, 4, 3628
5, 4, 1277
5, 4, 1133
5, 4, 951
5, 3, 2205
5, 3, 963
5, 3, 957
5, 2, 2285
5, 2, 945
5, 1, 2676
5, 4, 2482
5, 4, 1197
5, 4, 1074
5, 4, 951
5, 3, 2503
5, 3, 1276
5, 3, 1155
5, 2, 2304
5, 2, 1243
5, 1, 2131
5, 4, 2131
5, 4, 1021
5, 4, 1007
5, 4, 985
5, 3, 2418
5, 3, 1162
5, 3, 1001
5, 2, 2520
5, 2, 1167
5, 1, 2597
5, 4, 2224
5, 4, 1069
5, 4, 881
5, 4, 985
5, 3, 2110
5, 3, 1611
5, 3, 1278
5, 2, 2632
5, 2, 1076
5, 1, 2485
5, 4, 3123
5, 4, 1351
5, 4, 1067
5, 4, 985
5, 3, 2311
5, 3, 1104
5, 3, 932
5, 2, 2363
5, 2, 1099
5, 1, 2657
5, 4, 2315
5, 4, 1044
5, 4, 1032
5, 4, 985
5, 3, 2323
5, 3, 1095
5, 3, 1054
5, 2, 2118
5, 2, 945
5, 1, 2724
5, 4, 2724
5, 4, 1187
5, 4, 1210
5, 4, 1087
5, 3, 11507
5, 3, 12830
5, 3, 13101
5, 2, 2183
5, 2, 940
5, 1, 2235
5, 4, 2937
5, 4, 1024
5, 4, 1060
5, 4, 1087
5, 3, 2441
5, 3, 1153
5, 3, 1160
5, 2, 2328
5, 2, 1136
5, 1, 2379
5, 4, 2357
5, 4, 1120
5, 4, 1056
5, 4, 1087
5, 3, 2418
5, 3, 1050
5, 3, 1056
5, 2, 2143
5, 2, 1043
5, 1, 2389
5, 4, 2339
5, 4, 1183
5, 4, 1069
5, 4, 1087
5, 3, 34673
5, 3, 33579
5, 3, 33467
5, 2, 2507
5, 2, 1260
5, 1, 2175
5, 4, 2359
5, 4, 1143
5, 4, 1066
5, 4, 1087
5, 3, 2550
5, 3, 1183
5, 3, 1216
5, 2, 2633
5, 2, 1469
5, 1, 2334
5, 4, 2334
5, 4, 1297
5, 4, 1243
5, 4, 1222
5, 3, 2349
5, 3, 1163
5, 3, 1119
5, 2, 2266
5, 2, 1031
5, 1, 2603
5, 4, 2104
5, 4, 1244
5, 4, 1119
5, 4, 1007
5, 3, 2803
5, 3, 1164
5, 3, 1047
5, 2, 2644
5, 2, 1235
5, 1, 2730
5, 4, 3442
5, 4, 1156
5, 4, 1080
5, 4, 1007
5, 3, 2333
5, 3, 959
5, 3, 917
5, 2, 2234
5, 2, 1099
5, 1, 2537
5, 4, 2367
5, 4, 1176
5, 4, 1121
5, 4, 1007
5, 3, 2202
5, 3, 2021
5, 3, 2066
5, 2, 2743
5, 2, 1012
5, 1, 2559
5, 4, 2822
5, 4, 1627
5, 4, 1413
5, 4, 1558
5, 3, 2250
5, 3, 1153
5, 3, 1106
5, 2, 2211
5, 2, 1162
5, 1, 6128
5, 4, 2865
5, 4, 1278
5, 4, 1064
5, 4, 1558
5, 3, 2259
5, 3, 1034
5, 3, 1052
5, 2, 2807
5, 2, 1149
5, 1, 2538
5, 4, 2355
5, 4, 1116
5, 4, 1167
5, 4, 1558
5, 3, 2471
5, 3, 1138
5, 3, 962
5, 2, 2110
5, 2, 1010
5, 1, 2287
5, 4, 2476
5, 4, 1118
5, 4, 1104
5, 4, 1558
5, 3, 2316
5, 3, 1146
5, 3, 1009
5, 2, 2172
5, 2, 977
5, 1, 2397
5, 4, 3257
5, 4, 1775
5, 4, 1666
5, 4, 1628
5, 3, 2317
5, 3, 1224
5, 3, 618
5, 2, 2551
5, 2, 1110
5, 1, 2507
5, 4, 2227
5, 4, 1149
5, 4, 963
5, 4, 1628
5, 3, 3600
5, 3, 1226
5, 3, 1114
5, 2, 46451
5, 2, 45067
5, 1, 2478
5, 4, 2478
5, 4, 1019
5, 4, 989
5, 4, 821
5, 3, 2116
5, 3, 1204
5, 3, 1139
5, 2, 2303
5, 2, 930
5, 1, 2261
5, 4, 4794
5, 4, 2562
5, 4, 2426
5, 4, 2351
5, 3, 2639
5, 3, 1405
5, 3, 1392
5, 2, 2179
5, 2, 973
5, 1, 2063
5, 4, 2063
5, 4, 1202
5, 4, 1155
5, 4, 1023
5, 3, 2731
5, 3, 1015
5, 3, 1065
5, 2, 2248
5, 2, 1061
5, 1, 2827
5, 4, 2428
5, 4, 1179
5, 4, 1051
5, 4, 1023
5, 3, 2720
5, 3, 1426
5, 3, 1419
5, 2, 3193
5, 2, 1468
5, 1, 2385
5, 4, 2502
5, 4, 1204
5, 4, 1031
5, 4, 1023
5, 3, 2296
5, 3, 1029
5, 3, 1051
5, 2, 2227
5, 2, 913
5, 1, 2100
end of: 4 nodes ring test
4, 3, 2036
4, 3, 1216
4, 3, 1099
4, 2, 2491
4, 2, 856
4, 1, 1796
4, 3, 1910
4, 3, 801
4, 3, 1099
4, 2, 35168
4, 2, 33867
4, 1, 2000
4, 3, 4282
4, 3, 2663
4, 3, 2616
4, 2, 2504
4, 2, 787
4, 1, 2278
4, 3, 2278
4, 3, 822
4, 3, 671
4, 2, 3188
4, 2, 1878
4, 1, 2195
4, 3, 2023
4, 3, 755
4, 3, 671
4, 2, 2129
4, 2, 807
4, 1, 2017
4, 3, 2017
4, 3, 711
4, 3, 760
4, 2, 2277
4, 2, 1072
4, 1, 2149
4, 3, 2149
4, 3, 841
4, 3, 847
4, 2, 2113
4, 2, 677
4, 1, 2005
4, 3, 2005
4, 3, 866
4, 3, 830
4, 2, 2098
4, 2, 984
4, 1, 2266
4, 3, 2475
4, 3, 1246
4, 3, 1058
4, 2, 2320
4, 2, 1087
4, 1, 2291
4, 3, 2708
4, 3, 1179
4, 3, 934
4, 2, 1905
4, 2, 817
4, 1, 2283
4, 3, 2017
4, 3, 851
4, 3, 934
4, 2, 2392
4, 2, 1014
4, 1, 2103
4, 3, 1993
4, 3, 713
4, 3, 934
4, 2, 2022
4, 2, 929
4, 1, 1993
4, 3, 2454
4, 3, 1192
4, 3, 1119
4, 2, 2208
4, 2, 847
4, 1, 2392
4, 3, 2582
4, 3, 1252
4, 3, 1164
4, 2, 1973
4, 2, 753
4, 1, 2014
4, 3, 3024
4, 3, 1309
4, 3, 1120
4, 2, 2110
4, 2, 821
4, 1, 2706
4, 3, 2322
4, 3, 1146
4, 3, 1038
4, 2, 2275
4, 2, 684
4, 1, 2108
4, 3, 2108
4, 3, 895
4, 3, 884
4, 2, 2442
4, 2, 755
4, 1, 2908
4, 3, 2908
4, 3, 1019
4, 3, 855
4, 2, 1942
4, 2, 842
4, 1, 2184
4, 3, 2388
4, 3, 1129
4, 3, 1190
4, 2, 1842
4, 2, 702
4, 1, 2550
4, 3, 2550
4, 3, 824
4, 3, 730
4, 2, 2015
4, 2, 834
4, 1, 1974
4, 3, 2382
4, 3, 1192
4, 3, 1059
4, 2, 2262
4, 2, 1162
4, 1, 2313
4, 3, 2329
4, 3, 1111
4, 3, 1169
4, 2, 2178
4, 2, 775
4, 1, 1953
4, 3, 4005
4, 3, 2098
4, 3, 2010
4, 2, 2032
4, 2, 823
4, 1, 2048
4, 3, 2349
4, 3, 1177
4, 3, 1069
4, 2, 1961
4, 2, 656
4, 1, 2225
4, 3, 2225
4, 3, 905
4, 3, 888
4, 2, 2069
4, 2, 854
4, 1, 2081
4, 3, 2390
4, 3, 1168
4, 3, 1116
4, 2, 2074
4, 2, 962
4, 1, 2221
4, 3, 2039
4, 3, 849
4, 3, 1116
4, 2, 2152
4, 2, 890
4, 1, 2404
4, 3, 2068
4, 3, 777
4, 3, 1116
4, 2, 2046
4, 2, 880
4, 1, 2156
4, 3, 2211
4, 3, 783
4, 3, 1116
4, 2, 2484
4, 2, 776
4, 1, 2015
4, 3, 2473
4, 3, 1140
4, 3, 1075
4, 2, 2093
4, 2, 694
4, 1, 2117
4, 3, 2229
4, 3, 1089
4, 3, 995
4, 2, 1959
4, 2, 733
4, 1, 3129
4, 3, 3129
4, 3, 854
4, 3, 673
4, 2, 2184
4, 2, 807
4, 1, 2173
4, 3, 99441
4, 3, 98048
4, 3, 98104
4, 2, 3008
4, 2, 1818
4, 1, 2422
4, 3, 2383
4, 3, 1175
4, 3, 1018
4, 2, 1823
4, 2, 668
4, 1, 2080
4, 3, 2495
4, 3, 1239
4, 3, 1165
4, 2, 2286
4, 2, 891
4, 1, 2087
4, 3, 2087
4, 3, 2123
4, 3, 807
4, 2, 2201
4, 2, 737
4, 1, 2137
4, 3, 2578
4, 3, 1190
4, 3, 1132
4, 2, 1997
4, 2, 756
4, 1, 2348
4, 3, 2585
4, 3, 1246
4, 3, 1172
4, 2, 2025
4, 2, 823
4, 1, 2287
4, 3, 1983
4, 3, 708
4, 3, 1172
4, 2, 2089
4, 2, 923
4, 1, 1915
4, 3, 2438
4, 3, 1226
4, 3, 1056
4, 2, 2047
4, 2, 877
4, 1, 2081
4, 3, 1938
4, 3, 893
4, 3, 1056
4, 2, 2024
4, 2, 780
4, 1, 1947
4, 3, 2282
4, 3, 1156
4, 3, 1081
4, 2, 2289
4, 2, 742
4, 1, 2132
4, 3, 1942
4, 3, 765
4, 3, 1081
4, 2, 2378
4, 2, 741
4, 1, 2189
4, 3, 2189
4, 3, 817
4, 3, 880
4, 2, 1984
4, 2, 775
4, 1, 2418
4, 3, 2539
4, 3, 866
4, 3, 880
4, 2, 2105
4, 2, 903
4, 1, 2653
4, 3, 2653
4, 3, 737
4, 3, 745
4, 2, 2372
4, 2, 1312
4, 1, 2066
4, 3, 2138
4, 3, 1087
4, 3, 972
4, 2, 1958
4, 2, 942
4, 1, 2054
4, 3, 2361
4, 3, 1204
4, 3, 998
4, 2, 2407
4, 2, 878
4, 1, 2359
4, 3, 1908
4, 3, 676
4, 3, 998
4, 2, 2153
4, 2, 798
4, 1, 2321
4, 3, 2312
4, 3, 1223
4, 3, 1178
4, 2, 3775
4, 2, 1451
4, 1, 2031
4, 3, 2146
4, 3, 689
4, 3, 1178
4, 2, 2311
4, 2, 1263
4, 1, 1980
4, 3, 2839
4, 3, 1225
4, 3, 1209
4, 2, 2033
4, 2, 911
4, 1, 2162
4, 3, 2033
4, 3, 756
4, 3, 1209
4, 2, 2503
4, 2, 841
4, 1, 2343
4, 3, 1984
4, 3, 799
4, 3, 1209
4, 2, 2206
4, 2, 784
4, 1, 1866
4, 3, 2813
4, 3, 1188
4, 3, 1129
4, 2, 2359
4, 2, 1298
4, 1, 2030
4, 3, 2498
4, 3, 1044
4, 3, 1110
4, 2, 2230
4, 2, 736
4, 1, 2112
4, 3, 1384
4, 3, 1134
4, 3, 1112
4, 2, 1264
4, 2, 1094
4, 1, 1067
4, 3, 1365
4, 3, 1167
4, 3, 1091
4, 2, 1354
4, 2, 1065
4, 1, 1223
4, 3, 1191
4, 3, 1006
4, 3, 913
4, 2, 1563
4, 2, 1231
4, 1, 1368
4, 3, 1387
4, 3, 1074
4, 3, 982
4, 2, 1177
4, 2, 1010
4, 1, 1293
4, 3, 1708
4, 3, 1447
4, 3, 1103
4, 2, 1179
4, 2, 961
4, 1, 1343
4, 3, 1221
4, 3, 1040
4, 3, 1021
4, 2, 1316
4, 2, 1108
4, 1, 1081
4, 3, 1304
4, 3, 1139
4, 3, 1090
4, 2, 1137
4, 2, 869
4, 1, 1280
4, 3, 1380
4, 3, 982
4, 3, 1070
4, 2, 1320
4, 2, 957
4, 1, 1281
4, 3, 1457
4, 3, 1137
4, 3, 1222
4, 2, 1208
4, 2, 1144
4, 1, 1291
4, 3, 1226
4, 3, 1020
4, 3, 1089
4, 2, 1760
4, 2, 1671
4, 1, 2503
4, 3, 1391
4, 3, 1170
4, 3, 1131
4, 2, 1211
4, 2, 1037
4, 1, 1447
4, 3, 1405
4, 3, 1020
4, 3, 1023
4, 2, 1335
4, 2, 1021
4, 1, 1239
4, 3, 1256
4, 3, 1103
4, 3, 1037
4, 2, 1431
4, 2, 961
4, 1, 1226
4, 3, 1406
4, 3, 1138
4, 3, 1056
4, 2, 1478
4, 2, 1210
4, 1, 1129
4, 3, 1399
4, 3, 996
4, 3, 951
4, 2, 1177
4, 2, 822
4, 1, 1234
4, 3, 1183
4, 3, 991
4, 3, 1097
4, 2, 2973
4, 2, 2620
4, 1, 1132
4, 3, 1353
4, 3, 1170
4, 3, 1048
4, 2, 1049
4, 2, 750
4, 1, 1374
4, 3, 1439
4, 3, 1185
4, 3, 1190
4, 2, 1281
4, 2, 958
4, 1, 1209
4, 3, 2390
4, 3, 2057
4, 3, 1990
4, 2, 1200
4, 2, 6147
4, 1, 1097
4, 3, 1188
4, 3, 842
4, 3, 755
4, 2, 1174
4, 2, 897
4, 1, 1580
4, 3, 1746
4, 3, 1166
4, 3, 1148
4, 2, 1133
4, 2, 1006
4, 1, 1091
4, 3, 1884
4, 3, 1475
4, 3, 1541
4, 2, 1225
4, 2, 991
4, 1, 1175
4, 3, 1277
4, 3, 1080
4, 3, 982
4, 2, 1166
4, 2, 762
4, 1, 1170
4, 3, 32088
4, 3, 31762
4, 3, 31780
4, 2, 1270
4, 2, 946
4, 1, 1650
4, 3, 1493
4, 3, 1174
4, 3, 1148
4, 2, 1533
4, 2, 1172
4, 1, 1318
4, 3, 1753
4, 3, 1184
4, 3, 995
4, 2, 1236
4, 2, 1001
4, 1, 2370
4, 3, 1763
4, 3, 1536
4, 3, 1452
4, 2, 1158
4, 2, 896
4, 1, 1511
4, 3, 1283
4, 3, 1152
4, 3, 1115
4, 2, 1052
4, 2, 800
4, 1, 1117
4, 3, 1490
4, 3, 1133
4, 3, 1090
4, 2, 1189
4, 2, 856
4, 1, 1203
4, 3, 1327
4, 3, 1052
4, 3, 1172
4, 2, 1250
4, 2, 906
4, 1, 1295
4, 3, 1396
4, 3, 1155
4, 3, 1104
4, 2, 1567
4, 2, 1397
4, 1, 1169
4, 3, 1618
4, 3, 1448
4, 3, 1328
4, 2, 1381
4, 2, 1125
4, 1, 1187
4, 3, 1398
4, 3, 1247
4, 3, 1022
4, 2, 1165
4, 2, 774
4, 1, 1498
4, 3, 1167
4, 3, 935
4, 3, 950
4, 2, 1254
4, 2, 980
4, 1, 1171
4, 3, 1273
4, 3, 1082
4, 3, 1070
4, 2, 1488
4, 2, 1316
4, 1, 1332
4, 3, 1234
4, 3, 1090
4, 3, 1079
4, 2, 1250
4, 2, 1229
4, 1, 1532
4, 3, 1364
4, 3, 1152
4, 3, 1070
4, 2, 1250
4, 2, 881
4, 1, 1144
4, 3, 1354
4, 3, 1054
4, 3, 916
4, 2, 1236
4, 2, 978
4, 1, 1231
4, 3, 1252
4, 3, 993
4, 3, 1206
4, 2, 1623
4, 2, 1390
4, 1, 1248
4, 3, 1490
4, 3, 1272
4, 3, 1213
4, 2, 2327
4, 2, 2161
4, 1, 1036
4, 3, 1852
4, 3, 1518
4, 3, 1441
4, 2, 1422
4, 2, 1113
4, 1, 1200
4, 3, 1366
4, 3, 1208
4, 3, 1068
4, 2, 1329
4, 2, 1094
4, 1, 1079
4, 3, 1328
4, 3, 980
4, 3, 933
4, 2, 1480
4, 2, 1027
4, 1, 1274
4, 3, 1276
4, 3, 1060
4, 3, 1038
4, 2, 1315
4, 2, 970
4, 1, 1197
end of: 3 nodes ring test
3, 2, 936
3, 2, 687
3, 1, 1064
3, 2, 1014
3, 2, 784
3, 1, 942
3, 2, 1027
3, 2, 836
3, 1, 1437
3, 2, 1003
3, 2, 755
3, 1, 839
3, 2, 1027
3, 2, 760
3, 1, 955
3, 2, 936
3, 2, 825
3, 1, 890
3, 2, 1024
3, 2, 781
3, 1, 1291
3, 2, 967
3, 2, 779
3, 1, 928
3, 2, 1007
3, 2, 837
3, 1, 1088
3, 2, 883
3, 2, 655
3, 1, 818
3, 2, 1063
3, 2, 782
3, 1, 995
3, 2, 37237
3, 2, 36985
3, 1, 1201
3, 2, 1074
3, 2, 642
3, 1, 1063
3, 2, 1097
3, 2, 822
3, 1, 1004
3, 2, 828
3, 2, 664
3, 1, 1055
3, 2, 943
3, 2, 808
3, 1, 1475
3, 2, 1092
3, 2, 813
3, 1, 1125
3, 2, 1003
3, 2, 701
3, 1, 1018
3, 2, 975
3, 2, 661
3, 1, 1010
3, 2, 1327
3, 2, 1143
3, 1, 1025
3, 2, 995
3, 2, 889
3, 1, 1253
3, 2, 1100
3, 2, 814
3, 1, 1038
3, 2, 921
3, 2, 738
3, 1, 1004
3, 2, 961
3, 2, 554
3, 1, 789
3, 2, 883
3, 2, 763
3, 1, 907
3, 2, 899
3, 2, 728
3, 1, 895
3, 2, 948
3, 2, 723
3, 1, 1113
3, 2, 1042
3, 2, 830
3, 1, 1095
3, 2, 993
3, 2, 670
3, 1, 30177
3, 2, 951
3, 2, 825
3, 1, 976
3, 2, 1053
3, 2, 809
3, 1, 1047
3, 2, 1037
3, 2, 718
3, 1, 965
3, 2, 1080
3, 2, 854
3, 1, 975
3, 2, 803
3, 2, 727
3, 1, 970
3, 2, 861
3, 2, 798
3, 1, 1175
3, 2, 1007
3, 2, 643
3, 1, 938
3, 2, 1005
3, 2, 759
3, 1, 36871
3, 2, 1028
3, 2, 713
3, 1, 1061
3, 2, 1145
3, 2, 915
3, 1, 1219
3, 2, 965
3, 2, 794
3, 1, 1033
3, 2, 991
3, 2, 784
3, 1, 925
3, 2, 1034
3, 2, 758
3, 1, 931
3, 2, 1369
3, 2, 1259
3, 1, 33149
3, 2, 1098
3, 2, 811
3, 1, 973
3, 2, 1025
3, 2, 849
3, 1, 1021
3, 2, 1270
3, 2, 765
3, 1, 864
3, 2, 1103
3, 2, 829
3, 1, 1260
3, 2, 962
3, 2, 808
3, 1, 1013
3, 2, 1021
3, 2, 698
3, 1, 1357
3, 2, 878
3, 2, 894
3, 1, 1418
3, 2, 969
3, 2, 753
3, 1, 1166
3, 2, 1006
3, 2, 735
3, 1, 1135
3, 2, 859
3, 2, 684
3, 1, 1153
3, 2, 1047
3, 2, 744
3, 1, 1297
3, 2, 1436
3, 2, 715
3, 1, 745
3, 2, 1022
3, 2, 786
3, 1, 966
3, 2, 1361
3, 2, 1022
3, 1, 946
3, 2, 1378
3, 2, 765
3, 1, 1125
3, 2, 977
3, 2, 788
3, 1, 971
3, 2, 978
3, 2, 789
3, 1, 783
3, 2, 1038
3, 2, 712
3, 1, 1196
3, 2, 1009
3, 2, 817
3, 1, 1298
3, 2, 983
3, 2, 909
3, 1, 1054
3, 2, 1084
3, 2, 702
3, 1, 1538
3, 2, 1025
3, 2, 704
3, 1, 1018
3, 2, 1039
3, 2, 752
3, 1, 984
3, 2, 1094
3, 2, 791
3, 1, 887
3, 2, 1187
3, 2, 857
3, 1, 1053
3, 2, 1111
3, 2, 657
3, 1, 1380
3, 2, 890
3, 2, 686
3, 1, 1064
3, 2, 792
3, 2, 608
3, 1, 1175
3, 2, 971
3, 2, 736
3, 1, 1392
3, 2, 1018
3, 2, 828
3, 1, 992
3, 2, 942
3, 2, 729
3, 1, 908
3, 2, 1056
3, 2, 760
3, 1, 943
3, 2, 1075
3, 2, 820
3, 1, 1122
3, 2, 1153
3, 2, 832
3, 1, 1029
3, 2, 965
3, 2, 787
3, 1, 859
3, 2, 950
3, 2, 688
3, 1, 1058
3, 2, 1133
3, 2, 864
3, 1, 1746
3, 2, 1021
3, 2, 829
3, 1, 1068
3, 2, 1125
3, 2, 792
3, 1, 1163
3, 2, 935
3, 2, 606
3, 1, 2885
3, 2, 1046
3, 2, 890
3, 1, 1041
3, 2, 1226
3, 2, 956
3, 1, 1419
3, 2, 1087
3, 2, 794
3, 1, 1378
3, 2, 899
3, 2, 772
3, 1, 1200
3, 2, 1105
3, 2, 903
3, 1, 1349
3, 2, 1159
3, 2, 882
3, 1, 924
3, 2, 1009
3, 2, 757
3, 1, 1156
3, 2, 1004
3, 2, 793
3, 1, 1003
3, 2, 1011
3, 2, 750
3, 1, 1053
3, 2, 982
3, 2, 756
3, 1, 1047
3, 2, 925
3, 2, 754
3, 1, 1369
3, 2, 922
3, 2, 769
3, 1, 822
3, 2, 1268
3, 2, 978
3, 1, 917
3, 2, 1443
3, 2, 855
3, 1, 907
3, 2, 974
3, 2, 785
3, 1, 1038
3, 2, 1084
3, 2, 844
3, 1, 1161
3, 2, 1197
3, 2, 1179
3, 1, 1283
end of: 2 nodes ring test
2, 1, 875
2, 1, 1975
2, 1, 761
2, 1, 899
2, 1, 722
2, 1, 735
2, 1, 687
2, 1, 558
2, 1, 698
2, 1, 1195
2, 1, 636
2, 1, 669
2, 1, 824
2, 1, 783
2, 1, 1121
2, 1, 819
2, 1, 856
2, 1, 797
2, 1, 663
2, 1, 699
2, 1, 764
2, 1, 608
2, 1, 720
2, 1, 677
2, 1, 836
2, 1, 640
2, 1, 708
2, 1, 754
2, 1, 673
2, 1, 747
2, 1, 797
2, 1, 1028
2, 1, 1084
2, 1, 765
2, 1, 815
2, 1, 669
2, 1, 689
2, 1, 761
2, 1, 662
2, 1, 781
2, 1, 705
2, 1, 768
2, 1, 696
2, 1, 907
2, 1, 645
2, 1, 719
2, 1, 595
2, 1, 524
2, 1, 679
2, 1, 574
2, 1, 695
2, 1, 727
2, 1, 721
2, 1, 790
2, 1, 709
2, 1, 697
2, 1, 721
2, 1, 802
2, 1, 681
2, 1, 727
2, 1, 713
2, 1, 681
2, 1, 843
2, 1, 614
2, 1, 550
2, 1, 903
2, 1, 758
2, 1, 681
2, 1, 877
2, 1, 724
2, 1, 709
2, 1, 639
2, 1, 778
2, 1, 610
2, 1, 764
2, 1, 812
2, 1, 759
2, 1, 752
2, 1, 844
2, 1, 804
2, 1, 631
2, 1, 795
2, 1, 615
2, 1, 650
2, 1, 580
2, 1, 721
2, 1, 758
2, 1, 911
2, 1, 639
2, 1, 908
2, 1, 709
2, 1, 591
2, 1, 596
2, 1, 756
2, 1, 537
2, 1, 681
2, 1, 916
2, 1, 786
2, 1, 35598
2, 1, 838
end of: 1 nodes ring test
